<?xml version="1.0" encoding="utf-8"?>
<odoo>
        <data>
<!-- View User  -->

                <record id="plm_rev_wizard_view" model="ir.model.access">
		            <field name="name">PLM Rev Wizard View</field>
		            <field name="model_id" ref="model_product_rev_wizard"/>
		            <field name="group_id" ref="plm.group_plm_view_user"/>
		            <field name="perm_read" eval="True"/>
		            <field name="perm_write" eval="False"/>
		            <field name="perm_create" eval="False"/>
		            <field name="perm_unlink" eval="False"/>
        		</record>

                <record id="plm_doc_rev_wizard_view" model="ir.model.access">
                    <field name="name">PLM Rev DocWizard View</field>
                    <field name="model_id" ref="model_document_rev_wizard"/>
                    <field name="group_id" ref="plm.group_plm_view_user"/>
                    <field name="perm_read" eval="True"/>
                    <field name="perm_write" eval="False"/>
                    <field name="perm_create" eval="False"/>
                    <field name="perm_unlink" eval="False"/>
                </record>

<!-- Integration User  -->

                <record id="plm_rev_wizard_integration" model="ir.model.access">
		            <field name="name">PLM Rev Wizard View Integration</field>
		            <field name="model_id" ref="model_product_rev_wizard"/>
		            <field name="group_id" ref="plm.group_plm_integration_user"/>
		            <field name="perm_read" eval="True"/>
		            <field name="perm_write" eval="True"/>
		            <field name="perm_create" eval="True"/>
		            <field name="perm_unlink" eval="True"/>
        		</record>
        		
                <record id="plm_doc_rev_wizard_integration" model="ir.model.access">
                    <field name="name">PLM Rev DocWizard Integration</field>
                    <field name="model_id" ref="model_document_rev_wizard"/>
                    <field name="group_id" ref="plm.group_plm_view_user"/>
                    <field name="perm_read" eval="True"/>
                    <field name="perm_write" eval="True"/>
                    <field name="perm_create" eval="True"/>
                    <field name="perm_unlink" eval="True"/>
                </record>
 <!-- Administrator  -->

        </data>
</odoo>
